{
  "f": "x ^ 2 + y ^ 2 + 20 - 10 * (cos(2*3.1415926535*x) + cos(2*3.1415926535*y))",
  "x_0": [-10, 10],
  "n_runs": 100,
  "max_calls": 100,
  "T_max": 100,
  "strategy": {
    "name": "geom",
    "alpha": 0.95
  },
  "max_step": 5
}